{"cameraMode":{"drawMode":0,"name":"Shaded","section":"Shading Mode"},"sceneLighting":false,"audioPlay":false,"sceneViewState":{"showFog":false,"showMaterialUpdate":false,"showSkybox":false,"showFlares":false,"showImageEffects":false,"showParticleSystems":false},"in2DMode":false,"pivot":{"x":-6.730186462402344,"y":-3.1973371505737306,"z":6.59196662902832},"rotation":{"x":-0.2238866090774536,"y":0.09106627851724625,"z":-0.021016478538513185,"w":-0.9701274037361145},"size":37.9059944152832,"orthographic":false}